framework,file_path,file_type,file_size,category,status,extraction_time,peak_memory_mb,avg_memory_mb,peak_cpu_percent,character_count,word_count,overall_quality_score,error_message
kreuzberg_sync,test_documents/office/word_tables.docx,docx,16404,office,success,0.8280799999999999,66.404,56.403999999999996,62.808,32808,3280,0.85,
kreuzberg_sync,test_documents/office/unit_test_lists.docx,docx,12345,office,success,0.7469,62.345,52.345,54.69,24690,2469,0.85,
kreuzberg_sync,test_documents/office/fake.docx,docx,8765,office,success,0.6753,58.765,48.765,47.53,17530,1753,0.85,
extractous,test_documents/office/word_tables.docx,docx,16404,office,success,0.8280799999999999,66.404,56.403999999999996,62.808,32808,3280,0.85,
extractous,test_documents/office/unit_test_lists.docx,docx,12345,office,success,0.7469,62.345,52.345,54.69,24690,2469,0.85,
extractous,test_documents/office/fake.docx,docx,8765,office,success,0.6753,58.765,48.765,47.53,17530,1753,0.85,
markitdown,test_documents/office/word_tables.docx,docx,16404,office,success,0.8280799999999999,66.404,56.403999999999996,62.808,32808,3280,0.85,
markitdown,test_documents/office/unit_test_lists.docx,docx,12345,office,success,0.7469,62.345,52.345,54.69,24690,2469,0.85,
markitdown,test_documents/office/fake.docx,docx,8765,office,success,0.6753,58.765,48.765,47.53,17530,1753,0.85,
